Universidade,Sigla,Fundação,Cursos de Física,Disciplina1,Ementa1,Disciplina2,Ementa2,Disciplina3,Ementa3,Disciplina4,Ementa4,Disciplina5,Ementa5,Disciplina6,Ementa6,Fonte1,Fonte2
Universidade de Brasília,UnB,1962,Bacharelado e Licenciatura,Programação para Sistemas Físicos,"Elementos das linguagens, alfabetos, expressões e atribuições, compilação de programas, tipos de dados, constantes e variáveis, estruturas de controle, laços e estruturas de repetição, elementos de entrada e saída; Introdução ao uso de arquivos; Vetores e matrizes e suas operações; Modularização; Usos avançados de matrizes, tripletos, subconjuntos de matrizes, ponteiros e alocação dinâmica de memória, transferência e conversão de dados; Operações avançadas em arquivos externos, interoperabilidade entre Fortran e C/C++, introdução à programação orientada a objetos.",Métodos Computacionais A,"Álgebra linear, integração aproximação de funções. Funções especiais, zero de funções. Equações não lineares, autovalores e autovetores de uma matriz. Equações diferenciais ordinárias. Equações lineares. Determinantes: eliminação de Gauss, Inversão de matrizes: método de Gauss-Jordan, Matrizes tridiagonais, Decomposição LU, Métodos iterativos. Integração e diferenciação. Diferenciação numérica, quadratura numérica: retângulo, trapézio, Simpson e Gauss. Aproximação de funções e funções especiais. Séries, uso de polinômios e funções racionais, funções gama, de Bessel, hipergeométrica confluente e hipergeométrica. Zero de funções. Métodos da bissecção, Método de Bernoulli, Raízes múltiplas, cercar a raiz e dividir o intervalo (iteração), Método de Newton-Raphson e da secante, método de Laguerre para raízes de polinômios. Equações não lineares. Método das aproximações sucessivas, Método de Newton-Raphson. Autovalores e autovetores de uma matriz real e simétrica. Autovalores de uma matriz tridiagonal, redução de matrizes simétricas para matrizes tridiagonais por transformações ortogonais e pelo método de Lanczos, cálculo de autovetores pelo método da iteração vetorial inversa. Equações diferenciais ordinárias. Condições iniciais, Método de Euler, Métodos de Runge- Kutta, Extrapolação de Richardson, Diferenças finitas, Elementos finitos. Problemas de contorno e autovalor, Método do tiro ou chute, Métodos de relaxação, Métodos de diferença finita.",Métodos Computacionais B,"Estatística e modelação de dados, métodos de interpolação e extrapolação, ajuste de curvas. Análise de Fourier, métodos iterativos e métodos estocásticos. Métodos de diferenças finitas e equações diferenciais parciais. Estatística e modelação de dados. Ajuste por mínimos quadrados, correlações, suavização de dados. Métodos do interpolação e extrapolação. Interpolação de Lagrange, de Hermite e por splines cúbicos. Ajuste de curvas. Ajuste por mínimos quadrados linear, Ajuste por mínimos quadrados não linear: método da força bruta e método de Newton. Análise de Fourier. Séries de Fourier, Transformadas de Fourier, Convolução e Correlação, Transformada discreta de Fourier, Transformada Rápida de Fourier, Análise espectral. Métodos iterativos e estocásticos. Método de Monte Carlo. Métodos de diferença finita. Explícitos, implícitos. Equações diferenciais parciais. Diferenças finitas: equações elípticas, Diferenças finitas: equações parabólicas, Elementos finitos.",Simulação de Processos Físicos,"Bibliotecas científicas. Movimento de partículas. Caos. Sistemas espaço-temporais. Equação de Schrodinger. Geradores aleatórios. Dinâmica estocástica. Método de Metrópolis Bibliotecas científicas: Numerical recipes, Gnu Scientific Library ou LAPACK. Movimento de partículas: Método de Euler, Runge-Kuta, trajetória, espaço de fase. Caos: Sistemas dinâmicos, expoente de Liapunov, seção de Poincarée, atrator estranho. Sistemas espaço temporais: Integração de sistemas espaço-temporais, equação de onda, dispersão, sólitons e difusão. Equação de Schrodinger: Autovalores e autoestados de energia da equação de Schrodinger independente do tempo.Geradores aleatórios: Propriedades dos geradores aleatórios, distribuições,transformação dos geradores aleatórios. Dinâmica estocástica: Equação de Langevin, valores médios, processos com memória. Método de Metropolis: modelo de Ising, transições de fase, efeitos de dimensões finita",Computação Algébrica,Caraterísticasdos principais sistemas de computação algébrica. Estrutura de programação em MAPLE. Construção de pacotes de prodecimento. Interface com o sistema operacionale outras linguagem. Tratamento gráfico em MAPLE e Matematica.,Computação Vetorial e Paralela,"Computação serial e computação vetorial: CPUs e GPUs multinúcleos, clusters e computadores maciçamente paralelos; Estado de arte do processamento paralelo. Processamento concorrente, paralelo e distribuído. Algoritmos seriais e paralelos. Software e hardware paralelos. Memórias distribuídas e compartilhadas. Linguagens de programação com ênfase em Fortran e C. Desenvolvimento de programas paralelos nos diferentes hardwares",http://if.unb.br/images/Documentos/PPP-fisica-bacharelado-2.pdf,
Universidade Federal da Grande Dourados,UFGD,2005,Lincenciatura,Tópicos em Física Computacional,Aberta,,,,,,,,,,,https://files.ufgd.edu.br/arquivos/arquivos/78/COGRAD/_Resolucao%20CEPEC%20301-2016%20Alterada_Estrutura_Fisica_2017.pdf,
Universidade Federal de Goiás,UFG,1960,"Bacharelado, Licenciatura, Engenharia Física e Física Médica",Física Computacional I,"Ferramentas livres, introdução ao GNU e Linux; Distribuições GNU/Linux; Instalação de um sistema GNU/Linux; Comandos básicos do GNU/Linux; Gerenciamento de pacotes nos sistemas baseados no Debian; noções de administração básica do sistema. shell script: Comandos básicos do shell; Programação shell; SED e AWK. Ferramentas livres para editorações de textos: Softwares acadêmicos livres; O sistema TEX/LATEX2e;Distribuições TEX/LATEX2e; Documentação do sistema TEX/LATEX2e; O LATEX2e; Gerenciamento de referências: BibTEX. Ferramentas gráficas, GNUPLOT. Gráficos bidimensionais tridimensionoais de funções: Gráficos de um arquivo de dados; Múltiplos gráficos numa página; Salvando os gráficos; Ajuste de curvas “Fit”. Scilab: polinômios, matrizes e vetores; Soluções de raízes, sistemas lineares e edos; Gráficos. MAXIMA: Operações básicas e deteminação de raízes; Cáculo: Limites, Derivadas,Integrais; EDOS; Construção de gráficos. Linguagens de programação; Fortran 95 ou C++; Python 3; Jupyter notebook. Modelagem computacional de sistemas físicos; Técnicas numéricas aplicadas a sistemas físicos; Problemas de autovalores e autovetores; Técnicas de análise de Fourier e aplicações; Método Monte Carlo e aplicações; Técnicas de solução de equações diferenciais ordinárias e parciais, lineares e não-lineares, em problemas físicos.",Introdução à Computação,Conceitos básicos de computação: hardware e software; noções de sistemas operacionais; técnicas de programação: algoritmos. Conceitos Básicos de Computação; Noções de Sistemas Operacionais; Noções de Lógica; Lógica de Programação; Algoritmo; Tipos primitivos; Constantes; Variáveis; Formação de Identificadores e Declaração de Variáveis); Expressões; Aritméticas; Lógicas; Comandos; Atribuição; Entrada e Saída; Blocos; Estruturas de Controle; Seqüencial; Seleção; Simples; Composta; Encadeada; Múltipla Escolha; Repetição; Com Teste no Início; Com Teste no Final; Com Variável de Controle; Estruturas de Dados; Homogêneas Unidimensionais; Homogêneas Multidimensionais; Modularização (Subrotinas),Informática no Ensino de Física,"Uso e aplicação do computador em simulações e em problemas de Física para o Ensino Médio. Noções de HTML, Java e Java script. Utilização de softwares educacionais. Introdução Histórica; Desenvolvimento dos Computadores desde Babbage; Desenvolvimento do Software e das Linguagens de Programação; Eletrônica Digital e a Algebra de Boyle; Linguagem HTML; A invenção da internet: Protocolos e a URL; Tags da HTML; Formatação de texto; Inserção de figuras; Formatação e uso de tabelas; Inserção de applets; Titularidade, Código Aberto e citação de referências da internet; Linguagem Java; A invenção da Java e a Máquina Virtual; Tipos de dados; Estruturas de repetição e de teste condicional; Funções; Programação numérica usando Java; compilação Java no Terminal UNIX Filosofia da orientação por objetos; Classes em Java; Atributos e métodos; Herança e polimorfismo; Uso de interfaces visuais: AWT e SWING; Uso da interface javabeans no desenvolvimento de programas em Java; Linguagem JavaScript; Características da linguagem interpretada; Tipos de dados;  Funções; Formulários da HTML e passagem de parâmetros; Manipulação de applets através de métodos da Java; PHYSLETS; Introdução ao pacote PHYSLETS; Adaptação de applets PHYSLETS para internet; Ensino de Física usando PHYSLETS; Personalização dos applets PHYSLETS para ensino de Física; Projeto de Ensino",Física Computacional I,Introdução à teoria dos erros; precisão; introdução a uma linguagem de computação; métodos numéricos; zeros de funções; solução de sistemas de equações lineares; interpolação e extrapolação polinomial; integração numérica; equações diferenciais; análise de Fourier,Cálculo Numérico,NC,,,https://files.cercomp.ufg.br/weby/up/3/o/_21_-2482642_Declaracao.html ,https://files.cercomp.ufg.br/weby/up/3/o/Grade_Bacharelado_2004.pdf
Universidade Federal de Mato Grosso,UFMT,1970,Bacharelado e Licenciatura,Métodos Computacionais em Física,"Elementos básicos de programação. Fluxogramas. Introdução à Programação FORTRAN: variáveis, operações matemáticas, condicionais, laços, entrada e saída, gráficos. Introdução à modelagem computacional. Modelagem de problemas simples: lançamento no plano, pêndulo simples e outros problemas físicos. Introdução à utilização de ferramentas computacionais que podem ser aplicadas à análise de dados e resoluçãode problemas físicos (Origin, Mathematica, Excel)",Física Computacional ,"Integração numérica de equações diferenciais ordinárias. Passo constante e passo variável. Sistemas rígidos de equações diferenciais ordinárias. Erros associados aos métodos. Aplicações em Física. Análise numérica de aplicações. Números aleatórios, descrição estatística de dados, integração via Monte Carlo, caminhante aleatório.",,,,,,,,,https://sistemas.ufmt.br/ufmt.ppc/PlanoPedagogico/Download/307,
Universidade Federal de Mato Grosso do Sul,UFMS,1979,"Bacharelado, Licenciatura e Engenharia Física",Física Computacional I,"Aulas práticas e teóricas em laboratório de informática vesando sobre: algoritmos e linguagem de programação de alto nível; técnicas de programação; noções básicas de cálculo numérico, incluindo algoritmos simples e intuitivos de integração e diferenciação; zeros de polinômios e de funções e; erros e sua propagação.",Física Computacional II,Aulas práticas e teóricas em laboratório de informática vesando sobre: interpolação e extrapolação; diferenciação numérica; integração numérica e; sistemas de equações lineares,,,,,,,,,https://infi.ufms.br/files/2019/12/PPC.pdf,
Universidade Federal de Catalão,UFCat,2018,Bacharelado e Licenciatura,Métodos Computacionais em Física 1,"Introdução a softwares livres (como SciLab, Octave ou outro); Noções de Computação Científica; Desenvolvimento de algoritmos; Movimento Retilíneo. Movimento Vetorial. Lançamentos Oblíquos. Movimento Circular. Leis de Newton. Trabalho e Energia. Momento Linear, Força e Colisões.Momento Angular, Torque e Rotações. Equilíbrio de Forças e Torques.",Métodos Computacionais em Física 2,"Introdução a softwares livres (como SciLab, Octave ou outro); Noções de Computação Científica; Desenvolvimento de algoritmos; Gravitação. Oscilações Harmônicas. Oscilações Amortecidas e/ ou Forçadas. Ondas. Hidrostática. Cinemática de Fluidos. Teoria Cinetica dos Gases. Calorimetria. Leis Termodinâmica. Máquinas Térmicas.",Métodos Computacionais em Física 3,"Introdução a softwares livres (como SciLab, Octave ou outro); Noções de Computação Científica; Desenvolvimento de algoritmos; Lei de Coulomb. Campo Eletrostático. Leide Gauss. Potencial Eletrostático. Capacitância. Resistência. Corrente Elétrica. Circuitos de Corrente Contínua. Lei de Biot-Savart. Força de Lorentz. Campo Magnético. Lei de Ampere. Lei de Faraday para Indução. Circuitos de Corrente Alternada",Métodos Computacionais em Física 4,"Introdução a softwares livres (como SciLab, Octave ou outro); Noções de Computação Científica; Desenvolvimento de algoritmos; Equações de Maxwell (Integrais e Diferenciais). Campo Eletromagnético. Ondas Eletromagnéticas no Vácuo. Potenciais Eletromagnéticos: potencial escalar e potencial vetorial. Propriedades Elétricas dos Materiais. Propriedades Magnéticas dos Materiais. Ondas Eletromagnéticas em Meios Materiais. Reflexão. Refração. Interferência. Difração. Polarização. Principio de Huygens e Fermat. Ótica Geométrica. Introdução à Física Moderna.",Algoritmos e Programação de Computadores 1,Lógica de programação. Constantes. Tipos de dados primitivos. Variáveis. Atribuição. Expressões aritméticas e lógicas. Estruturas de decisão. Estruturas de controle. Estruturas de dados homogêneas e heterogêneas: vetores (arrays) e matrizes. Funções. Recursão. Desenvolvimento de algoritmos. Transcrição de algoritmos para uma linguagem de programação. Domínio de uma linguagem de programação: sintaxe e semântica; estilo de codificação; ambiente de desenvolvimento. Desenvolvimento de pequenos programas.,,,https://files.cercomp.ufg.br/weby/up/523/o/Programas_das_Disciplinas.pdf,
Universidade Federal de Jataí,UFJ,2018,Lincenciatura,Introdução à Computação,Conceitos básicos de computação: hardware e software; noções de sistemas operacionais; técnicas de programação: algoritmos.,,,,,,,,,,,https://files.cercomp.ufg.br/weby/up/184/o/Resolucao_CEPEC_2012_1088_-_PPC.pdf,
Universidade Federal de Rondonópolis,UFR,2018,--,,,,,,,,,,,,,https://ufr.edu.br/graduacao/,
Universidade Federal da Bahia,UFBA,1946,Bacharelado e Licenciatura,Tópicos em Física Computacional,Assuntos relacionados a Física Computacional,,,,,,,,,,,http://www.fis.ufba.br/sites/fis.ufba.br/files/processo_reestruturacao_curricular_cursos_graduacao_fisica_parte-2.pdf,
Universidade Federal do Sul da Bahia,UFSB,2013,--,,,,,,,,,,,,,https://ufsb.edu.br/,
Universidade Federal do Recôncavo da Bahia,UFRB,2005,Bacharelado e Licenciatura,Física Computacional,Operações numéricas básicas. Soluções numéricas de equações diferenciais ordinárias. Problemas de contorno e de autovalores. Cálculo numérico de funções especiais. Operações com matrizes. Soluções numéricas de equações diferenciais parciais. Métodos de montecarlo. Simulação de sistemas dinâmicos.,Introdução à Física Computacional,Apresentação de alguns problemas físicos e introdução ao estudo de técnicas analíticas e numéricas para resolução dos mesmos. Introdução a linguagem científica de programação que será usada no componente curricular.,,,,,,,,,https://sistemas.ufrb.edu.br/sigaa/link/public/curso/curriculo/2342213;jsessionid=EF2F41839EC21C1D33F2551F2975AFDB.srv2inst1,https://drive.google.com/file/d/1VWBzgFbtXIXAKkabsv-zia5owEwgm1zW/view
Universidade Federal da Lusofonia Afro-Brasileira,UNILAB,2010,Licenciatura,,,,,,,,,,,,,https://unilab.edu.br/wp-content/uploads/2020/02/PPC-F%c3%8dSICA-JAN-2020_VOL_11.pdf,
Universidade Federal da Paraíba,UFPB,1955,Bacharelado e Licenciatura,Física Computacional I,Introdução a uma linguagem computacional. Diferenciação numérica. Álgebra linear. Zeros de funções. Integração numérica. Método Monte-Carlo. Aplicações específicas em problemas de Física.,Física Computacional II,"Aplicação de métodos numéricos à solução de problemas gerais da física moderna, física da matéria condensada e dos processos estocásticos.",,,,,,,,,https://sig-arq.ufpb.br/arquivos/2017076026c46e391428d0383fd9d0e9/Proposta_PPC_Bacharelado_em_Fisica.pdf,
Universidade Federal do Cariri,UFCat,2013,--,,,,,,,,,,,,,https://www.ufca.edu.br/cursos/graduacao/interdisciplinar-de-ciencias-naturais-e-matematica/#accordion-,
Universidade Federal de Alagoas,UFAL,1961,Bacharelado e Licenciatura,Introdução à Física Computacional,"Aplicação dos conceitos de Física na Informática. Algoritmos, fluxogramas, Conceitos básicos de programação em FORTRAN 90 e C, boas práticas de programação, Cálculo numérico em computadores digitais, as fontes de erro em modelagem por computador.",Física Computacional I,"Aplicação dos conceitos de Física na Informática. Introdução, Números aleatórios, Cálculo de funções, Solução de um sistema de equações lineares, Raízes de equações não-lineares, Interpolação, extrapolação e derivadas, Integração numérica, Minimização e maximização de funções, Integração de equações diferenciais ordinárias, Problema de condição de contorno em dois pontos, Transformada de Fourier; Simulação Monte Carlo.",,,,,,,,,https://ufal.br/estudante/graduacao/projetos-pedagogicos/campus-maceio/fisica-bacharelado-matriz-2019.pdf/view,https://ufal.br/estudante/graduacao/projetos-pedagogicos/campus-maceio/ppc-fisl_revisao_aprovada_pleno_if.pdf/view
Universidade Federal de Campina Grande,UFCG,2002,Bacharelado e Licenciatura,Introdução à Ciência da Computação,Introdução ao computador. Componentes básicos de um Computador. Terminologia básica. Algoritmos. Fundamentos de construção de algoritmos. Operações de controle. Estudo de uma linguagem algorítmica de alto nível.,,,,,,,,,,,https://uaf.ufcg.edu.br/pt-br/bacharelado/fluxograma-e-disciplinas,https://uaf.ufcg.edu.br/pt-br/licenciatura/fluxograma-e-disciplinas-2
Universidade Federal de Pernambuco,UFPE,1946,Bacharelado e Licenciatura,Computação Eletrônica,NC,Introdução a Métodos Computacionais em Física,NC,Arquitetura e Organização de Computadores,NC,Algoritmos 1,NC,,,,,https://www.ufpe.br/documents/39279/1313681/ProjetoPedag%C3%B3gico_Bach.pdf/6c3cbb34-079c-4155-9b71-dca5fe570677,
Universidade Federal de Sergipe,UFSB,1968,Bacharelado e Licenciatura,Programação Imperativa,"Noções fundamentais sobre algoritmos e sobre a execução de programas. Solução de problemas. Abordagem top-down. Identificadores, tipos, constantes, tipos. Variáveis e atribuição. Expressões. Operadores: aritméticos, lógicos e relacionais. Comandos condicionais. Comandos de repetição. Variáveis compostas homogêneas: vetores e matrizes ou listas e tuplas. Variáveis compostas heterogêneas: registros ou dicionários. Procedimentos, funções e passagem de parâmetros. Recursividade. Noções sobre o uso de arquivos em programação. Algoritmos básicos de ordenação. Uma linguagem imperativa. ",Física Computacional,"Ferramentas para visualizações dinâmica do sistema. Introdução a modelagem computacional. Simulando uma partícula em movimento (dinâmica molecular). Métodos de integração. Sistemas oscilatórios. Processos aleatórios. Método de monte Carlo – Integração numérica. Método de monte Carlo – Modelo de Ising. Computação de alto desempenho e paralelismo. Tópicos especiais: Método Hartree-Fock, método de Monte Carlo quântico, teoria do funcional densidade, dinâmica molecular.",Tópios Especiais em Ferramentas da Física Computacional,NC,,,,,,,https://www.sigaa.ufs.br/sigaa/public/curso/resumo_curriculo.jsf,
Universidade Federal do Ceará,UFC,1954,Bacharelado e Licenciatura,Fundamentos de Programação,"Noções de sistemas de computação. Formulação de algoritmos e sua represntação. Noções sobre linguagem de programação e programas. Implementação prática de algoritmos em uma linguagem de programação. Descrição de algumas aplicações típicas. Métodos computacionais na área científica e tecnológica.  Algoritmos. Estruturas Básicas de Controle. Introdução á programação. Estruturas de controle de dados. Introdução e conceitos básciso: arquiteturas de computadores. Sistemas operacionais (Windows, Unix/Linux). Linguagens de programação (FORTRAN e C). Ambientes de programação (Matlab, Mathematica, Mapple, MathCAD). Biblioteas de análise numérica (LINPACK, EISPACK, IMSL). Estruturas de dados: tipos de dados. Estruturas de dados estáticas (vetores, matrizes, estruturas). Estruturas de dados dinâmicas (filas, listas simples e duplas). Árvores (binárias, quad-tree). Grafos. Estruturas de dados para matrizes (esparsa, simétrica, diagonal). Estruturas de dados para formas geométricas. Algoritmos básicos: ordenamento (quick-sort, bluble-sort). Análise e solução de sistemas lineares.",Fundamentos de Programação,"Apresentação dos fundamentos e das técnicas necessárias para o desenvolvimento de soluções de problemas através do computador. Inicialmente é abordada a metodologia para a construção de algoritmos, apoiada no uso do Teorema da Estrutura. Dessa forma são detalhados as estruturas básicas de programação, a seqüência, o desvio e o laço, tudo apoiado por uma pseudolinguagem de programação. Segue-se uma introdução à programação, em que são tratados, além das estruturas já citadas, conceitos sobre tipos e estruturas de dados, mecanismos para a construção de tipos, noções de variáveis e constantes e utilização de subprogramas, tudo apoiado por uma linguagem de programação pedagógica, sendo muito utilizada a Linguagem Pascal.",,,,,,,,,https://si3.ufc.br/sigaa/verProducao?idProducao=1213691&key=5dde8c936d2e1c542fba0b1dd5a754b4,https://si3.ufc.br/sigaa/verProducao?idProducao=77927&key=16b73d68fec8fa06e022eb70b1288a51
Universidade Federal do Maranhão,UFMA,1966,Bacharelado e Licenciatura,Introdução à Computação,NC,Linguagem de Programação,NC,Programação de Computadores I,NC,Física Computacional,Erros. Soluções de equações algébricas e transcendentes. Resolução de sistemas de equações lineares. Integração numérica. Interpolação. Ajuste de curvas. Métodos numéricos para solução de equações diferenciais. Noções básicas de Dinâmica Molecular Clássica. Noções básicas do método Monte Carlo Clássico. ,,,,,https://sigaa.ufma.br/sigaa/link/public/curso/curriculo/13715756,https://sigaa.ufma.br/sigaa/link/public/curso/curriculo/13715756
Universidade Federal do Oeste da Bahia,UFOB,2013,Bachareado e Licenciatura,Física Computacional,"Introdução aos métodos numéricos. Integração numérica de equações diferenciais ordinárias. Integração numérica de equações diferenciais parciais. Números aleatórios. Dinâmica molecular. Método Monte Carlo. Dinâmica Estocástica. Raízes de funções: Métodos de Newton-Raphson, Diferenças Finitas e Newton Generalizado. Aproximação numérica de funções: Interpolação polinomial; Interpolação por segmentos; Ajuste de curvas. Integração numérica: Regra do trapézio; Regra de Simpson. Transformada de Fourier. Integração numérica de equações diferenciais ordinárias (EDOs): Derivada numérica; Aplicação a EDOs de 1ª ordem. Métodos de Euler, Verlet e Runge-Kutta para EDOs de 2ªordem. Incrementos adaptativos. Integração numérica de equações diferenciais parciais: Métodos Implícito, Explícito e Crank-Nicholson. Métodos de relaxação: algoritmos de Jacobi e Gauss-Seidel. Variáveis aleatórias: Geradores de números aleatórios. Simulação da dinâmica molecular. O método de Monte Carlo: Algoritmo de Metrópolis. Aplicações. Dinâmica estocástica: Processo de Wigner; Equação de Langevin; Cálculo de Itô e Stratonovich; Equação de Fokker-Planck.",Programação de Computadores I,Noções de sistemas de computação; Linguagens de programação e programas; Fases de desenvolvimento de um programa; Conceitos básicos de programação; Programação estruturada; Subprogramas; Manipulação de arquivos; Tipos estruturados de dados; Algoritmos elementares. História da computação; Arquitetura de computadores. Linguagens de programação e programas. Ambiente de programação.Fases de desenvolvimento de um programa. Especificação do problema; 3.2. Análise; 3.3. Projeto de algoritmo; Implementação; Testes. Conceitos básicos de programação. Tipos primitivos de dados; Variável; Comando de atribuição; Comandos de E/S. Programação estruturada. Comandos sequenciais; Comandos condicionais; Comandos repetitivos. Subprogramas. Funções intrínsecas; Funções; Subrotinas; Variáveis globais e locais; Passagem de parâmetros. Manipulação de arquivos.Leitura; Impressão; Formatação de arquivos.Tipos estruturados de dados. Vetores; Matrizes.,Programação de Computadores II ,Alocação dinâmica de memória; Recursão; Métodos de ordenação; Tipos estruturados de dados; Estruturas de dados lineares Alocação dinâmica de memória. Conceito; Comandos de alocação; Apontadores. Recursão.Solução de problemas utilizando recursividade. Métodos de ordenação Ordenação interna; Ordenação externa. Tipos estruturados de dados Tipos primitivos e estruturados; Estruturas de dados heterogêneas. Estruturas de dados lineares. Listas; Filas; Pilhas,,,,,,,https://ufob.edu.br/ensino/graduacao/fisica/ppc-bacharelado-em-fisica.pdf,
Universidade Federal do Piauí,UFPI,1968,Bacharelado e Licenciatura,Cálculo Numérico,Erros. Séries. Equações Algébricas e Transcendentes. Sistemas Lineares. Ajustes de Curvas. Interpolação Polinomial e Integração Numérica.,Liguagem de Programação Cientifíca e Técica de Programação,Programação avançada em Fortran. Entrada e saída. Introdução ao pascal. Aritmética real em computadores. Metodologia de implantação de pacotes científicos. Tópicos em estrutura de dados. Matrizes e memória virtual. Metodologia do desenvolvimento de programas científicos. Tópicos em otimização local de programas científicos. Técnicas de documentação de programas científicos. Introdução à verificação formal.,,,,,,,,,https://sigaa.ufpi.br/sigaa/link/public/curso/curriculo/82646,https://sigaa.ufpi.br/sigaa/link/public/curso/curriculo/91535
Universidade Federal do Rio Grande do Norte,UFRN,1958,Bacharelado e Licenciatura,Introdução à Informática,"O computador. Sistemas operacionais. Outros softwares básicos. Softwares de suporte e aplicativos com área de abordagem. Micro-informática. Noções de redes. Introdução aos sofwares básicos, de suporte e aplicativos que estejam sendo mais utilizados no mercado e disponíveis na UFRN.",Linguagem de Programação,"Estudo pormenorizado de linguagens de Alto Nível: estrutura de dados e de controle, recursos de entrada/saida, gerenciamento de memória, integração com hardware, características específicas. Desenvolvimento de aplicações.",Física Computacional I,"Introdução ao cálculo numérico: erros, precisão e aritmética de ponto flutuante. Zeros de funções: métodos de aproximações sucessivas, Newton e bissecção de intervalos. Matrizes e sistemas lineares: eliminação gaussiana e Gauss- Sidel, inversão de matrizes, condicionamento e estabilidade. Interpolação e aproximação de funções: polinômios interpoladores de Newton e de Lagrange. Aproximação de funções por mínimos quadrados. Derivação numérica. Integração numérica: regra do trapézio, regra de Simpson, quadratura gaussiana e splines; geração de números aleatórios e método de Monte Carlo.",Física Computacional II,"Equações diferenciais ordinárias: erros; métodos de Gauss-Sidel e Runge-Kutta. Equações a derivadas parciais: aproximações por diferenças finitas; solução do problema de Dirichlet em duas dimensões; solução das equações de ondas e de difusão em uma dimensão; noções de estabilidade, convergência e consistência. Equações integrais: caracterização de problemas mal-postos, regularização.",,,,,https://arquivos.info.ufrn.br/arquivos/20102210393750297885fce519cf63cb/PPP_Fsica_L_e_Bac-_VersoFinal.pdf,
Universidade Federal do Vale do São Francisco,UNIVASF,2022,--,,,,,,,,,,,,,https://portais.univasf.edu.br/,
Universidade Federal Rural de Pernambuco,UFRPE,1947,Licenciatura,Introdução à Computação,NC,,,,,,,,,,,http://www.ufrpe.br/sites/www.ufrpe.br/files/Matriz%20Curricular%20Licenciatura%20em%20F%C3%ADsica%20-%20a%20partir%20de%202016.2%20%281%29.pdf,
Universidade Federal Rural do Semi-Árido,UFERSA,1968,--,,,,,,,,,,,,,https://ufersa.edu.br/,
Universidade Federal de Rondônia,UNIR,1982,Licenciatura,Física Computacional para ensino de física,Introdução ao uso do computador como ferramenta no ensino de Física. Tendências atuais da informática educativa. Diferentes usos do computador na educação: tipos de software educativo. Utilização de ferramentas computacionais e software educativo livre no ensino de Física. Utilizar a informática educativa para aulas de física trabalhando conceitos de física e sua interdisciplinaridade.,,,,,,,,,,,https://fisica.unir.br/uploads/32084442/PPC%202018%20corrigido%202021.pdf,
Universidade Federal de Roraima,UFRR,1989,Licenciatura,Informática para o ensino de física I,"Introdução a sistemas operacionais. Construção e implementação de algoritmos. Noções de linguagens de programação. Conceitos básicos de programação: tipos de variáveis e dados, operações, controle de fluxo, laços, funções. Orientação a objeto. Entrada e saída. Elaboração de interfaces gráficas. Aplicações no ensino da física.",Informática para o ensino de física II,"Modelos matemáticos para simular fenômenos físicos. Programas computacionais para ensino de Física. O programa Modellus. O portal de simulação Phet. Aplicações na Mecânica, Óptica, e Física Moderna.",,,,,,,,,https://ufrr.br/proeg/arquivos/category/12-ppp?download=631:licenciatura-em-fisica,
Universidade Federal do Acre,UFAC,1970,Bacharelado e Licenciatura,Algoritmos e Linguagem de Programação,NC,,,,,,,,,,,http://www2.ufac.br/fisica/menu/graduacao/bacharelado-em-fisica,
Universidade Federal do Amapá,UNIFAP,1990,Bacharelado e Licenciatura,Práticas Computacionais no Ensino de Física,A informática no ensino da Física. Simulações computacionais no ensino da Física. Planejamento das atividades: análise de softwares e elaboração das aulas. Execução das atividades: aulas de Física utilizando recursos computacionais.,Introdução à Informática e Programação,"Algoritmos, Tópicos Preliminares: Constantes, Variáveis e Expressões, Estruturas de Controle, Linguagem de Programação – MATLAB.",,,,,,,,,https://www2.unifap.br/fisica/files/2014/04/EMENTAS-DAS-DISCIPLINAS-DO-CURSO-DE-F%C3%8DSICA.pdf,
Uniersidade Federal do Amazonas,UFAM,1913,Bacharelado e Licenciatura,Introdução a Ciência dos Computadores,"Noções sobre Computadores. Histórico e Evolução dos Computadores. Noções de Arquitetura de computadores: Unidade Central de Processamento (CPU), Memórias, Periféricos. Introdução à lógica de programação. Introdução ao método de resolução de problemas: seis passos para resolução de problemas. Resolução de Problemas Algorítmicos. Algoritmos. Constantes, Variáveis, Identificadores, Palavras Reservadas, Tipos de Dados. Operadores de atribuição, aritméticos, relacionais e lógicos. Expressões lógicas. Entrada e saída de dados. Estruturas de controle. Comandos condicionais simples, compostos, encadeamos e de seleção. Comandos de repetição por contagem e por condição. Ambientes para Desenvolvimento de Programas. Noções de Linguagem de Programação: algoritmo, codificação, compilação / interpretação. Implementação de algoritmos usando Linguagem de Programação. Estruturas de Dados Básicas: vetores, matrizes e strings. Manipulação de Arquivos. Funções. Boas Práticas de Programação.",Cálculo Numérico,"Princípios de funcionamento de um computador. Noções de Arquitetura de computadores: Unidade Central de Processamento (CPU), Memórias, Periféricos. Etapas na Solução de um problema. Noções de Algoritmos. Sistemas de Numeração. Tipos de Erros Numéricos. Sistemas de Equações Lineares: operações com matrizes, sistemas triangulares, métodos de resolução diretos e iterativos, algoritmos e aplicações. Interpolação: polinômios interpoladores, métodos de interpolação linear e polinomial, escolhas de pontos para interpolação, erros de interpolação, algoritmos e aplicações. Ajuste de Curvas: regressão linear simples, regressão linear múltipla, regressão polinomial, qualidade do ajuste, algoritmos e aplicações. Integração Numérica: métodos numéricos para integral, comparação entre métodos, algoritmos e aplicações. Raízes de Equações: isolamentos de raízes para equações algébricas e transcendentes, métodos para refinamento de raízes, comparação entre os métodos, algoritmos e aplicações. Equações Diferenciais Ordinárias: solução numérica de EDO, métodos numéricos, comparação, algoritmos e aplicações.",Informática no ensino de física,"O computador e seu funcionamento; Ambientes operacionais; Internet; Edição de texto; Planilhas eletrônicas; Editores de apresentação; Computadores no Ensino da Física; Programas de modelagem para o ensino de física (Modellus, Logo, etc); Projeto de aplicação.",,,,,,,https://ice.ufam.edu.br/graduacao/ementas01/195-ementas-de-bacharelado-em-fisica.html,https://ice.ufam.edu.br/graduacao/ementas01/70-ementas-de-licenciatura-em-fisica-diurno.html
Universidade Federal do Oeste do Pará,UFOPA,2009,Licenciatura e Engenharia Física,,,,,,,,,,,,,http://www.ufopa.edu.br/ufopa/,
Universidade Federal do Pará,UFPA,1957,Bacharelado e Licenciatura,Física Computacional I ,"Introdução a linguagem científica de programação a ser usada no curso: FORTRAN (preferencialmente), MATHEMATICA, MAPLE, MATLAB (opcionais). Introdução aos métodos básicos de cálculo numérico: zeros de função, ajuste de dados, integração, diferenciação e solução de sistemas algébricos. Solução de equações diferenciais ordinárias que modelem sistemas físicos por métodos numéricos",Física Computacional II,"Desenvolvimento de algoritmos para solução de equações diferenciais (parciais) que modelem diversas situações físicas em FORTRAN preferencialmente, MATLAB, MATHEMATICA. Transformada de Fourier, Introdução Processos Estocásticos (Opcional), Dinâmica Molecular (Opcional) e Método de Monte Carlo (Opcional).",,,,,,,,,https://facfis.ufpa.br/dmdocuments/resolucao_fisica.pdf,https://facfis.ufpa.br/dmdocuments/Ementario.pdf
Universidade Federal do Tocantins,UFT,2000,Licenciatura,Introdução a Linguagem de Informática,NC,Métodos Computacionais da Física ,NC,Desenvolvimento de Software para o Ensino de Física,NC,Física Computacional,NC,,,,,http://download.uft.edu.br/?d=45f17131-68c3-4784-bdf0-a6bc18b93189;1.0:Matriz%20Curricular%20-%20F%C3%ADsica%20-%20C%C3%A2mpus%20de%20Aragua%C3%ADna.pdf,
Universidade Federal Rural da Amazônia,UFRA,2002,--,,,,,,,,,,,,,https://novo.ufra.edu.br/index.php?option=com_content&view=article&id=2222&Itemid=525,
Universidade Federal do Sul e Sudeste do Pará,UNIFESSPA,1971,Licenciatura,Informática e Educação,NC,Física Computacional,NC,,,,,,,,,https://sigaa.unifesspa.edu.br/sigaa/public/curso/lista.jsf?nivel=G&aba=p-ensino,
Universidade Federal de Alfenas,UNIFAL-MG,1914,Licenciatura,Computação Aplicada à Física B,"Processadores e editores para escrita de textos acadêmicos e científicos. Sistemas operacionais. Sistemas de numeração e sua representação. Lógica de programação e algoritmos. Aplicativos para estatística: regressão linear, ajuste de curvas e tratamento de erros experimentais. Aplicativos para cálculos e produção de gráficos.",Computação Aplicada ao Ensino de Física B,Apresentação de Softwares e hardwares computacionais com potencial para utilização no ensino de física e na divulgação da ciência. Avaliação de objetos digitais de aprendizagem. Modelagem e simulação de fenômenos físicos com uso de ferramentas computacionais.,Introdução à Física Computacional,"Introdução à programação: algoritmos, dados, variável, instrução e programa. Construções básicas: controle de fluxo, funções e sub-rotinas, orientação a objeto, entrada-saída, gráficos. Tipos de dados escalares: inteiros, reais, complexos, caracteres, intervalos e enumerações. Tipos estruturados básicos: vetores, matrizes registros e strings. Erros numéricos, derivação e integração, solução de equações algébricas lineares, noções de otimização, aquisição e ajuste de dados. Métodos Numéricos com aplicações em Física",Física Computacional P,"Diferenciação e Integração numérica e simbólica com aplicações em problemas físicos. Determinação de Raízes. Equações diferenciais e integrais numéricas e simbólicas, com aplicações em problemas físicos.",,,,,http://academico.unifal-mg.edu.br/sitecurso/arquivositecurso.php?arquivoId=376,
Universidade Federal de Itajubá,UNIFEI,2002,Bacharelado e Licenciatura,Fundamentos de Programação,Conceitos gerais. Tipos de Dados e Algoritmos. Organização de Programas. Programação Top Down. Programação Estruturada. Introdução à linguagem de Programação. Funções. Arranjos Unidimensionais e Multidimensionais. Estruturas Heterogêneas de Dados. Apontadores Memória Dinâmica. Arquivos. Sequenciais e Aleatórios. Gráficos. Estudo de Caso,Física Computacional,Operações numéricas básicas. Soluções numéricas de equações diferenciais ordinárias. Problemas de contorno e de autovalores. Cálculo numérico de funções especiais. Operações com matrizes. Soluções numéricas de equações diferenciais parciais. Métodos de montecarlo.,,,,,,,,,https://sigaa.unifei.edu.br/sigaa/verProducao?idProducao=83200&&key=d6e1268353d9be6022c2505b1b2eb1b3,https://sigaa.unifei.edu.br/sigaa/verProducao?idProducao=83203&&key=178cb76b0467616666231d19e16a0c70
Universidade Federal de Juiz de Fora,UFJF,1960,Bacharelado e Licenciatura,Física Computacional,"Introdução à linguagem de programação FORTRAN 90; Integração e derivação numérica; Equações diferenciais ordinárias; Noções básicas de Dinâmica Molecular Clássica; Noções básicas do método Monte Carlo Clássico; Introdução à linguagem de programação FORTRAN 90; Noções preliminares, conceitos básicos e compilador; Constantes, variáveis e conjuntos; Expressões; Declarações de tipos de variáveis; Designação de áreas de memória e alocação dinâmica de memória; Programação estruturada; Comandos de entrada e saída (I/O); Especificações de Formato. Integração e derivação numérica; Raízes de funções e aproximações numéricas de funções; Integração numérica e transformada de Fourier. Equações diferenciais ordinárias. Equações de primeira e segunda ordem. Noções básicas de Dinâmica Molecular Clássica. Implementação do Potencial; Cálculo de Força; Implementação da integração numérica; Energia e banho térmico; Condições de contorno. Noções básicas do método Monte Carlo Clássico. Elementos de mecânica estatística; Média de ensemble por amostragem; Algoritmo de Metrópolis. Complementos. Tópico avançados em Física; Implementação avançada em Fortran 90.",Simulação Computacional Física de Sistemas Condensados,"Abordar o estudo de propriedades físicas de sistemas condensados (gases, líquidos e sólidos) através da simulação computacional. Para atingir tal objetivo utilizaremos abordagens deteriminísticas e estocásticas. No campo determinista utilizaremos a Dinâmica Molecular Clássica para monitorar ao longo da simulação o comportamenso dos sistemas nas mais variadas condições de temperatura, presssão e número de partículas. Do lado estocástico utlizaremos a técnica de Monte Carlo para o estudo de sistemas de interesse.",Tópicos de Métodos Computacionais Aplicados à Física,NC,,,,,,,https://www.ufjf.br/fisica/teste/disciplinasdep/,
Universidade Federal de Lavras,UFLA,1994,Licenciatura e Engenharia Física,Introdução à Informática - Dex,"Disciplina prática envolvendo conceitos básicos de Informática. Noções de Sistemas computacionais. Hardware: classificação, componentes. Software: Sistemas Operacionais, kernel, gerenciamento de memória, gerenciamento de dispositivos, drivers, interface gráfica de usuário, camada de aplicações. Conceitos de Redes de computadores. Instalação básica do Linux. Gerenciamento e configuração básica de usuário. Gerenciamento de pacotes de softwares. Aplicativos de produtividade de escritório. Aplicativos de ensino e de modelagem computacional. Licenciamento de Softwar",Física Computacional,"Fortran, solução de sistemas lineares, interpolação, ajuste de curvas, integração numérica, raízes de equações, equações diferenciais ordinárias, equações diferenciais parciais",Cálculo Numérico,Noções básicas sobre erros. Zeros reais de funções reais. Resolução de sistemas lineares e não lineares. Interpolação. Ajuste de curvas pelo método dos quadrados mínimos. Integração numérica,Arquitetura de Computadores I,"Construção e evolução dos processadores e computadores. Análise de desempenho e benchmarks. Instruções Básicas: a linguagem de máquina do processador MIPS. Aritmética de computadores, organização de computadores. Paralelismo na execução de instruções. Memória: conceitos, organização e hierarquia.",,,,,https://sig.ufla.br/modulos/publico/matrizes_curriculares/index.php,
Univerisdade Federal de Minas Gerais,UFMG,1927,Bacharelado e Licenciatura,Introdução à programação de Computadores,Metodologia de desenvolvimento de programas. Programação em Linguagem de Alto-Nível. Comandos Básicos. Modularização. Estruturas de dados. Bibliotecas científicas.,Introdução à Computação em Física,"Programas gráficos. Tratamento e visualização de dados. Mínimos quadrados, interpolação e extrapolação. Solução de sistemas algébricos lineares. Integração numérica.",Métodos Computacionais em Física,"Processamento de sinais, Simulação Monte Carlo, Algoritmos Genéticos, Diferenças Finitas, Dinâmica Molecular.",Métodos Computacionais no Ensino de Física,"Linguagens de simulação interativas, modelos numéricos, formatos de imagem e vídeo, edição de imagem e vídeo",,,,,https://ufmg.br/cursos/graduacao/2413/91696,
Universidade Federal de Ouro Preto,UFOPA,1969,Bacharelado e Licenciatura,Programação de Computadores I,Organização de computadores. Algoritmos estruturados. Representação de dados. Estudo de uma linguagem de alto nível. Programação Modular.,Física Computacional I,"Análise de Experimentos e Ajuste de Curvas com Aplicações, Integração Numérica e Aplicações, Solução Numérica de Equações Ordinárias e Aplicações em problemas de Física, Lançamento de Projéteis, Oscilações e Leis de Kepler, Problemas de Autovalor e Fronteira. Análise de experimentos, ajuste de curvas experimentais, medidas de qualidade, regressão linear simples, regressão de equações não lineares, interpolação por partes, splines cúbicas. Aplicações em planejamento e análise de um experimento. Integração numérica, Métodos de Quadratura de Gauss, e Aplicações em cálculo de fluxo em eletrostática e eletrodinâmica. Solução numérica de Equações Diferenciais Ordinárias, Derivada Numérica, Runge-Kutta. Aplicações em Equações Diferenciais Não Lineares: Oscilações e ressonância, Pêndulo, Movimento Planetário, Oscilações Não-Lineares, Sistemas Caóticos e Modelo de Lorent. Problemas de Autovalor e Fronteira, Autovalores da Equação de Onda, Soluções Estacionárias da Equação de Schröedinger.",,,,,,,,,https://fisica.ufop.br/classes,
Universidade Federal de São Carlos,UFSCar,1968,Bcharelado e Licenciatura,Física Computacional 1,"Introdução à linguagem Fortran. Determinação de raízes de funções: método de Newton, secante, bissecção. Diferenciação numérica. Integração numérica: regra do trapézio, regra de Simpson. Série de Fourier: fundamentos e aplicações.",Física Computacional 2,"Equações diferenciais ordinárias. Método de Euler, método de Runge-Kutta, outros métodos. Equações parciais e método de diferenças finitas. Operações com matrizes. Método de Monte Carlo.",Introdução à Computação,"Noções fundamentais: computador, sistema operacional e linguagem de programação. Algoritmos: conceito, representação formal e desenvolvimento estruturado. Programas: conceito e desenvolvimento sistemático.",Computação Básica,"Computadores: componentes básicos, funcionalidade e operabilidade. Editores de texto. Planilhas eletrônicas. Banco de dados. Redes de computadores: conceitos e serviços.",Programação e Algoritmo,"Algoritmos: conceito, representação formal e desenvolvimento estruturado. Linguagem de programação: conceitos, tipos de dados e de controle, entrada e saída. Aplicações com uso de computadores.",Organização Básica de Computadores,"Nível de máquina convencional: formatos de instrução, endereçamento, tipos de instruções e controle de fluxo; nível de sistema operacional: memória virtual, instruções de entrada/saída virtuais, instruções virtuais usadas em processamento paralelo, exemplo de um sistema operacional; nível de linguagem montadora: linguagem montadora, o processo de montagem, macros, ligação e carregamento.",https://www.prograd.ufscar.br/cursos/cursos-oferecidos-1/fisica/fisica-bacharelado-sao-carlos-projeto-pedagogico.pdf,
Universidade Federal de São João del-Rei,UFSJ,1953,Bacharelado e Licenciatura,Programação de Computadores,"Introdução (O Computador; Conceitos Básicos de Programação; Definição e Exemplos de Algoritmos). Itens Fundamentais (Constantes, variáveis e comentários; Expressões Aritméticas, lógicas e literais; Comando de Atribuição e entrada/saída; Estrutura Sequencial, condicional e de repetição). Estruturas de Dados Básicas (Vetores, matrizes, registros e arquivos). Modularização (Sub-rotinas e funções). Conceitos Básicos de Linguagem de Programação - C ou Fortran, (Visão Geral; Constantes, Variáveis, Conjuntos, Expressões, Atribuição; Comandos de Especificação; Comandos de Controle de Fluxo; Comandos de Entrada e Saída; Comando de Especificação de Formato; Subprogramas).",Física Computacional I,Tratamento computacional de dados. Integração numérica. Diferenciação numérica. Raízes e Interpolação. Decaimento radioativo. Estudo do movimento de projéteis. Trabalho e Energia.,Física Computacional II,Problemas de valor inicial. Problemas de condições de contorno. Problemas de autovalores. Sistemas lineares na Física. Sistemas oscilantes. Circuitos elétricos,Física Computacional III,Equações diferenciais parciais na Física. Discretização. Funções especiais. Espalhamento quântico. Termodinâmica e hidrodinâmica. Equação de Schroedinger dependente do tempo. Método de Monte Carlo. Algoritmo de Metropolis. Modelo de Ising bidimensional.,,Método Monte Carlo. Algoritmo Metrópolis. Modelo Ising. Poços Quânticos. Átomo de Hidrogênio. Hidrodinâmica.,,,https://ufsj.edu.br/portal2-repositorio/File/cofis/Projeto%20Pedagogico/PPC%202019/PPC_Fisica_Bacharelado.pdf,https://ufsj.edu.br/portal2-repositorio/File/cofis/Projeto%20Pedagogico/PPC%202019/PPC_Fisica_Licenciatura_2019.pdf
Universidade Federal de São Paulo,UNIFESP,1994,--,,,,,,,,,,,,,https://www.unifesp.br/,
Universidade Federal de Uberlândia,UFU,1957,Licenciatura,Física Computacional ,"Programação científica básica; Soluções numéricas da equação de Schrödinger; Métodos iterativos; Estudo e aplicação de um programa computacional para cálculo de propriedades eletrônicas de materiais. Introdução a uma linguagem de programação. Fundamentos da linguagem. Tipos de variáveis numéricas. Funções e escopo de variáveis. Operações. Entrada e saída de dados. Cálculo diferencial e integral numéricos. Discretização e diferenças finitas. Integração numérica. Transformada de Fourier. Implementação numérica (FFT). Aplicações. Sistema linear de equações. Aplicação: equação de Laplace. Aplicação: equação de Poisson. Equações diferenciais. Física Newtoniana, equação de movimento. Equação de difusão e arraste. Problema de autovalor e autovetor. Equação de Schrödinger. Estatística. Variáveis aleatórias. Distribuições de probabilidade. Passeio aleatório e difusão. Método de Monte Carlo.",Algoritmos e Programação de Computadores,"Noções sobre os componentes de computadores. Uso de softwares (sistemas operacionais, internet e outros). Noções de lógica. Introdução a algoritmos. Resolução de problemas utilizando algoritmos e raciocínio lógico. Tipos de dados. Variáveis e constantes. Expressões e operadores. Estruturas de controle: Estruturas básicas, Estruturas condicionais e estruturas de repetição. Estruturas básicas de dados: vetores, matrizes e registros. Apresentação das funções, construção de módulos e escrita de arquivos. Noções sobre os componentes de computadores. Placa mãe, dispositivos de armazenamentos, dispositivos de entrada e dispositivos de saída. Terminologia (hardware, software, programa, bit, byte, códigos: Binário e ASCII). Uso de Softwares. Sistemas operacionais: windows; linux; unix; comunicação em rede. Introdução a Algoritmos. Conceito de algoritmos e programas. Linguagens de programação. Tipos primitivos de dados e variáveis. Expressões: aritméticas, relacionais e lógicas. Comandos de: atribuição, entrada e saída de dados. Estruturas de controle de fluxo: seleção e repetição. Exercícios de fixação. Introdução à Linguagem de Programação. A estrutura de programas. Definição de identificadores. Tipos de dados primitivos. Declaração e inicialização de variáveis. Conceitos sobre entrada e saída. Exemplos de programas. Estrutura Sequencial. Atribuição. Expressões aritméticas. Operadores e construções especiais. Exemplos de programas. Estruturas de Seleção. Dados e operadores lógicos. Avaliação de expressões lógica. Comando de seleção. Exemplos de programas. Estruturas de Repetição. Conceitos sobre laços de repetição. Laços while. Laços for. Ramificação e decisões: execução condicional, condições e laços aninhados. Exemplos de programas. Vetores e Matrizes. Conceitos sobre arranjos. O uso de vetores e matrizes. Exemplos de programas. Funções. Projeto de programa estruturado. Funções. Estratégias para comunicação inter-funções (passagem de parâmetros e return). Funções padrão. Exemplos de programas utilizando funções. Módulos e pacotes. Carregando pacotes. Usando e construindo módulos. Arquivos. Noções sobre arquivos. Funções para abrir e fechar arquivos. Funções de entrada/saída para arquivos texto",,,,,,,,,http://www.infis.ufu.br/graduacao/fisica-licenciatura/fichas-de-disciplinas-2019,http://www.infis.ufu.br/system/files/conteudo/projeto_reformulacao_curricular_fisica_licenciatura_compressed.pdf
Universidade Federal de Viçosa,UFV,1969,Bacharelado e Licenciatura,Introdução à Programação I ,Elementos de uma linguagem algorítmica. Comandos básicos da linguagem. Arranjos simples de dados. Subprogramas. ,Física Computacional I ,Uso do Linux em computação científica. Editores de texto e visualização de dados. Noções de programação numérica. Métodos numéricos em Física. Introdução à Computação Simbólica e aos pacotes matemáticos.,Física Computacional II,Simulação de Processos Aleatórios. Simulação de Sistemas Magnéticos no equilíbrio. Caracterização de padrões espaço-temporais. Dinâmica de sistemas de muitas partículas. Soluções numéricas de equações diferenciais. Sistemas de não-equilíbrio.,Cálculo Numérico,Introdução. Solução de equações não-lineares. Interpolação e aproximações. Integração. Sistemas de equações lineares. Resolução de equações diferenciais ordinárias.,,,,,https://www.fisica.ufv.br/wp-content/uploads/2019/06/ppc_bacharelado.pdf,http://www.catalogo.ufv.br/ementario.php?campus=vicosa&ano=2022
Universidade Federal do ABC,UFABC,2005,Bacharelado e Licenciatura,Processamento da Informação,"Introdução a algoritmos. Variáveis e tipos de dados. Operadores aritméticos, lógicos e precedência. Métodos/Funções e parâmetros. Estruturas de seleção. Estruturas de repetição. Vetores. Matrizes. Entrada e saída de dados. Depuração. Melhores práticas de programação.",Bases Computacionais da Ciência,"Fundamentos da computação; Representação gráfica de funções; Noções de estatística, correlação e regressão; Base de dados; Lógica de programação: Variáveis e estruturas sequenciais; Lógica de programação: Estruturas condicionais; Lógica de programação: Estruturas de repetição; Modelagem e simulação computacional: Conceitos fundamentais; Modelagem e simulação computacional: A ciência na prática",Cálculo Numérico ,"Aritmética de ponto flutuante: Erros absolutos e relativos; Arredondamento e truncamento; Zeros de Funções Reais: Métodos de quebra – bisseção / falsa posição; Métodos de ponto fixo – iterativo linear / Newton-Raphson; Métodos de Múltiplos passos – secantes. Resolução de Sistemas de Equações Lineares: Métodos diretos – Cramer / eliminação de Gauss, decomposição A = LU; Métodos iterativos – Jacobi /Gauss-Seidel. Ajustamento de Curvas pelo Método dos Mínimos Quadrados: Interpolação Polinomial: Existência e unicidade do polinômio Interpolador; Polinômio interpolador de: Lagrange, Newton e Gregory-Newton; Estudo do erro. Integração numérica: Métodos de Newton- Cotes; Trapézios; Simpson; Estudo do erro. Solução Numérica de Equações Diferencias Ordinárias: Métodos de Taylor e de Runge-Kutta.",Física Computacional,"Linguagem e Algoritmo. Precisão da máquina. Derivação numérica. Quadratura de uma função. Equações diferenciais ordinárias, técnicas de soluções: algoritmos de Euler, de Runge-Kutta. Problemas de valores de contorno e autovalores. Técnicas de soluções de equações diferenciais parciais: Equações elípticas, equações parabólicas, equações hiperbólicas. Probabilidade. Variáveis aleatórias e processos estocásticos. Dinâmica molecular. Dinâmica estocástica. Método de Monte Carlo.",,,,,https://www.ufabc.edu.br/images/consepe/resolucoes/anexo3-resolucao-consepe-198.pdf,https://prograd.ufabc.edu.br/pdf/catalogo_disciplinas_graduacao_2021-2022_0722.pdf
Universidade Federal do Espírito Santo,UFES,1954,Bacharelado e Licenciatura,Física Computacional,Uso do Linux em computação científica. Editores de textos e visualização de dados. Noções de programação numérica. Métodos numéricos em física. Processos aleatórios. Introdução à computação simbólica e aos pacotes matemáticos,Física Computacional I,"Introdução à teoria de algoritmos. Estruturas básicas de programação. Linguagens de programação. Aplicações a sistemas de interesse em Física, Matemática, Ensino de Física, Biofísica, Bioinformática, Econofísica, Física da Atmosfera, etc.",Física Computacional II,"Técnicas de visualização e análise de dados, métodos básicos de cálculo numérico, solução de equações diferenciais, dinâmica populacional, oscilações amortecidas e forçadas. Algoritmos para solução de equações diferenciais: métodos de Euler, Euler-Cromer, Runge-Kutta, Verlet e Numerov.",,,,,,,https://prograd.ufes.br/sites/prograd.ufes.br/files/field/anexo/ppc_fisica_-_licenciatura_-_sao_mateus.pdf,https://fisica.ufes.br/sites/fisica.ufes.br/files/field/anexo/ppcbach2018.pdf
Universidade Federal do Estado do Rio de Janeiro,UNIRIO,1979,--,,,,,,,,,,,,,http://www.unirio.br/prograd/cursos-de-graduacao,
Universidade Federal do Rio de Janeiro,UFRJ,1920,"Bacharelado, Licenciatura e Física Médica",Métodos Computacionais em Física I,"Programação básica em linguagem C, com aplicações numéricas a problemas de física envolvendo determinação de raízes de polinômios, integração e solução de equações diferenciais.",Métodos Computacionais em Física II,Operacoes matematicas elementares. Equacoes diferenciais. Problemas de autovalores. Funções especiais.,Computação I,"Características básicas da organização de um computador. Algoritmos, programação básica e estrutura de um programa. Representação de dados. Estudo detalhado de uma linguagem de programação (PASCAL). Solução de problemas numéricos e não-numéricos por Computadores.",Computação Aplicada à Medicina,"Noções sobre a linguagem FORTRAN. Métodos numéricos. Simulação em Física; o método de Monte Carlo. Análise de Fourier. Formação e reconstrução de imagens em Tomografia, Ultra-som, Ressonância Nuclear Magnética.",,,,,https://graduação.ufrj.br/index.php/cursos-de-graduao-mainmenu-124?id=130:fsica&catid=161:f,https://siga.ufrj.br/sira/repositorio-curriculo/ListaCursos.html?_gl=1*1czfxux*_ga*NzE2NDA5NTI3LjE2NTc1MTg0Njc.*_ga_S9CWPVF04S*MTY1NzUxODQ2Ny4xLjAuMTY1NzUxODQ2Ny4w
Universidade Federal do Triângulo Mineiro,UFTM,1953,Licenciatura,,,,,,,,,,,,,http://www.uftm.edu.br/fisica,
Universidade Federal dos Vales do Jequitinhonha e Mucuri,UFVJM,1953,Licenciatura e Engenharia Física,Linguagens de Programação,"Conceitos introdutórios de computação: hardware e seus componentes, sistemas operacionais, linguagens de programação, representação e processamento da informação. Sistemas de numeração e sua aritmética básica. Noções de lógica matemática. Introdução à lógica de programação utilizando uma linguagem de programação real. Noções de algoritmo e sequenciação. Tipos de dados, definição de variáveis, constantes e identificadores. Operadores de atribuição, aritméticos, relacionais e lógicos expressões aritméticas. Comandos de entrada e saída. Estruturas de controle: sequência, decisão, iteração.",Algoritmos e Programação ,"Introdução aos conceitos de modularização de programas, procedimentos, funções, passagem de parâmetros, variáveis locais e globais, recursividade. Aprofundamento nos conceitos de estruturas básicas de dados: vetores, matriz e strings, estruturas. Programação estruturada. Refinamentos sucessivos. Manipulação de arquivos.",Cálculo Numérico ,Aritmética de ponto flutuante: Erros absolutos e relativos; Arredondamento e truncamento; Aritmética de ponto flutuante. Zeros de Funções Reais: Métodos de quebra; Métodos de ponto fixo – iterativo linear / Newton-Raphson; Métodos de Múltiplos passos – secantes. Resolução de Sistemas de Equações Lineares: Métodos diretos; Métodos iterativos – Jacobi / Gauss-Seidel. Ajustamento de Curvas pelo Método dos Mínimos Quadrados: Interpolação Polinomial; Estudo do erro. Integração numérica: Métodos de Newton-Cotes; Trapézios; Simpson; Estudo do erro. Solução Numérica de Equações Diferenciais Ordinárias.,Física Computacional,Introdução à linguagem de programação. Integração e derivação numérica. Equações diferenciais ordinárias. Noções básicas de Dinâmica Molecular Clássica. Noções básicas do método Monte Carlo Clássico. Complementos.,,,Tecnologias de Informação e Comunicação no ensino de Física,"Temas atuais sobre o uso de Tecnologias da Informação e Comunicação (TIC) no ensino de Física. Apresentação e discussão de sites, softwares e simulações para o ensino de Física. Critérios e instrumentos para avaliação, construção e exploração de Objetos Digitais de Aprendizagem (ODA) e o uso de Repositórios de ODA (RODA) para o ensino de Física. Elaboração de atividades para o uso de recursos digitais no ensino de Física. Prática de ensino como componente curricular.",http://ufvjm.edu.br/prograd/index.php?option=com_docman&task=doc_download&gid=2236&Itemid=15,http://ufvjm.edu.br/prograd/index.php?option=com_docman&task=doc_download&gid=4193&Itemid=15
Universidade Federal Fluminense,UFF,1960,Bacharelado e Licenciatura,Métodos Computacionais Aplicados à Física,"Equações de diferenças finitas: aplicações da lei de Newton, autômatos celulares, mapas dinâmicos, caos determinsta e fractais exatos, modelos complexos booleanos, números aleatórios, método de Monte Carlo, aplicações simples do método de Monte Carlo",Física Computacional,"Matrizes, autovalores e autovetores; equações diferenciais parciais; nímeros pseudo-aleatórios, probabilidade e o método de Monte Carlo; Integração de Monte Carlo, cálculos de integrais multidimensionais; Equações diferenciais estocásticas, passeio aleatório e a equação de difusão.",,,,,,,,,https://portal.if.uff.br/graduacao/informacoes-gerais/estrutura-curricular/,https://app.uff.br/iduff/consultaEmenta.uff
Universidade Federal Rural do Rio de Janeiro,UFRRJ,1943,Licenciatura,Elementos de Física Computacional,Noções de linguagem algorítmica. Noções de linguagem estruturada de programação. Soluções de equações diferenciais. Método Monte Carlo.,,,,,,,,,,,https://www.ufrrj.br/graduacao/disciplinas/pages/departamentos/IC100.html,https://www.ufrrj.br/graduacao/disciplinas/pages/cursos.html
Univerisdade Tecnológica Federal do Paraná,UTFPR,1909,Licenciatura,Tópicos de Informática par ao Ensino de Física,"O conhecimento e as diversas mídias digitais (arquivos de áudio, vídeo, etc.). Manipulação de Sistemas Operacionais. Ferramentas para Edição de Conteúdos. Introdução ao desenvolvimento de aplicações educacionais. Uso de interfaces digitais para coleta de dados em experiências.",Produção e Uso de Computação Eduvativa,"Concepção de software educativo. Ambientes de programação. Ferramentas de desenvolvimento e aplicação de softwares em sala de aula. Características dos aplicativos computacionais: modelagem e simulação. As ferramentas de produção dos materiais: linguagens de programação. O conceito de objetos de aprendizagem: produção e avaliação. Formas de utilização em diversos ambientes de aprendizagem (presenciais, semipresenciais e a distância) e em diferentes níveis de ensino. Uso de plataformas de Ensino a Distância.",Introdução à Linguagem C,Uma visão da Linguagem C. Palavras Reservadas (ANSI C). Tipos de dados e modificadores de tipo de dados. Operadores. Variáveis. Uso de função. Estruturas de controle de fluxo. Vetores e matrizes. Ponteiros. Strings. Manipulação de arquivo. Tipos de dados definidos pelo usuário. Uso avançado de funções. Alocação dinâmica de memória.,Computação 1,"Computação e sociedade. Conceitos básicos em computação. Introdução à linguagem de programação. Métodos, técnicas e processos de desenvolvimento de software. Ambientes e bibliotecas de suporte ao desenvolvimento de aplicações.",,,Cálculo Numérico,Noções básicas sobre erros. Zeros reais de funções reais. Resolução de sistemas de equações lineares. Interpolação. Ajuste de curvas. Integração numérica. Solução numérica de equações diferenciais ordinárias.,http://www.utfpr.edu.br/cursos/coordenacoes/graduacao/curitiba/ct-licenciatura-em-fisica/documentos/documentos-do-curso-de-licenciatura-em-fisica/projeto-pedagogico-do-curso/@@download/file/projeto_pedagogico_curso.pdf,
Universidade Federal da Fronteira Sul,UFFS,2009,Licenciatura,Computação básica,"Fundamentos de informática. Noções de sistemas de computação. Formulação de algoritmos e sua representação. Noções sobre linguagem de programação e programas. Implementação prática, em laboratório, de algoritmos em uma linguagem de programação. Descrição de algumas aplicações típicas.",,,,,,,,,,,https://www.uffs.edu.br/atos-normativos/ppc/ccflre/2019-0002/@@download/documento_historico,https://www.uffs.edu.br/atos-normativos/ppc/ccflcl/2019-0002/@@download/documento_historico
Universidade Federal da Integração Latino-Americana,UNILA,2010,Engenharia Física,Programação de Computadores,"Introdução à computação; paradigmas e linguagens de programação; programação em uma linguagem estruturada, estruturas condicionais e de controle de fluxo; subprogramação; estruturas básicas de dados; desenvolvimento de programas voltados a engenharia.",Métodos Numéricos e Computacionais em Engenharia Física 1,Álgebra linear; integração aproximação de funções; funções especiais; raízes; equações não lineares; autovalores e autovetores; métodos espectrais; equações diferenciais ordinárias,Métodos Numéricos e Computacionais em Engenharia Física 2,Estatística e modelação de dados; equações integrais; equações diferenciais parciais; métodos de diferença finita; métodos variacionais; métodos iterativos; métodos estocásticos,,,,,,,https://portal.unila.edu.br/graduacao/engenharia-fisica/copy4_of_PPCEng.FsicaOptativaseapensao.pdf,
Universidade Federal de Ciências da Saúde de Porto Alegre,UFCSPA,1953,Física Médica,Cálculo Numérico Computacional,"A disciplina consiste no estudo da teoria de erros, dos sistemas lineares, das equações Algébricas e transcendentes, da interpolação, do Ajuste de funções e da integração numérica.",,,,,,,,,,,https://www.ufcspa.edu.br/vida-academica/graduacao/cursos/fisica-medica/matriz-curricular,https://www.ufcspa.edu.br/documentos/graduacao/projeto-pedagogico/ppc-fisica-medica.pdf
Universidade Federal de Pelotas,UFPel,1969,Bacharelado e Licenciatura,Aplicativos computacionais para a física,Sistemas operacionais. Aplicativos gráficos. Sistemas de preparação de documentos científicos.,Introdução à Dinâmica Molecular de Sistemas Físicos,Fundamentos da modelagem molecular. As bases da Dinâmica Molecular. Aplicações para sistemas físicos,,,,,,,,,https://wp.ufpel.edu.br/depfis/alunos/,
Universidade Federal de Santa Catarina,UFSCar,1956,Bacharelado e Licenciatura,Introdução à Fisica Computacional ,"Explicitação de conceitos físicos e matemáticos em forma de algoritmos computacionais e sua implementação em alguma linguagem de alto nível compilável (C. Fortran, etc) ou de script (JavaScript, Python, Perl, Matlab, Matemática, Maple, etc) com ênfase no paradigma estruturado (não orientado a objeto) mediante a utilização e definição de variáveis numéricas e ""string"", comandos de entrada e saída, estrutura de decisão, estruturas de repetição, matrizes e subprogramas. ",Física Computacional,"Introdução a ferramentas computacionais em Física: editoração e processamento de textos científicos, programas de confecção de gráficos, bibliotecas livres, programas de manipulação algébrica, e linguagens de programação. Resolução de problemas físicos utilizando métodos computacionais. ",Computação Científica,Métodos numéricos para problemas de valores iniciais. Métodos numéricos para problemas de valores de fronteira. Os métodos de Ritz e Galerkin. Métodos de elementos finitos e diferenças finitas para equações diferenciais parciais. ,Programação Linear,Formulação de problemas de programação linear. Método simples. Teoria de dualidade. Análise de sensibilidade e paramétrica. Métodos de pontos interiores. ,Programação Não-Linear,"Conceitos básicos de análise convexa. Condições de otimalidade. Métodos de otimização irrestrita. Métodos de busca unidimensional e multidimensional para funções diferenciáveis e não diferenciáveis. Otimização restrita: condições de otimalidade de Kuhn-tucker, métodos das barreira e das penalidades. Programação quadrática. ",,,https://fisica.grad.ufsc.br/,
Universidade Federal de Santa Maria,UFSM,1960,Bacharelado e Licenciatura,Computação Básica Para Física,"Noções de processamento de dados e estrutura de computadores, aprendizado de algoritmos e conceitos de programação de computadores considerando suas estruturas como tipos de dados, expressões e estruturas lógicas como as de decisão, seleção e repetição, controle e formatação de leitura e escrita, modularização empregando uma linguagem de programação como Fortran ou C ou outra derivada de C, como Python, para o aprendizado e implementação dos códigos em aplicações voltadas para a solução de problemas científicos simples e comuns em física.",Métodos Numéricos e Computacionais,Aritmética de ponto flutuante. Erros de arredondamento e truncamento. Erros absolutos e relativos. Zeros de Funções. Localização de raízes. Método da bissecção. Método de Newton-Ramphson. Método da secante. Método do ponto fixo. Ordem de convergência. Sistemas de equações lineares. Método da eliminação de Gauss. Decomposição LU. Método iterativo de Gauss-Jacobi. Método iterativo de Gauss-Seidel. Interpolação. Interpolação polinomial. Forma de Lagrange. Forma de Newton. Erro na interpolação polinomial. Aprozimação. Método de mínimos quadrados – caso discreto. Ajuste linear nos parâmetros. Regressão linear. Ajuste polinomial. Ajuste não-linear – casos redutíveis ao linear. Integração numérica. Regra do trapézio. Regra de Simpson. Erro na integração numérica. Solução numérica de equações diferenciais ordinárias. Método de Euler. Métodos de série de Taylor. Métodos de Runge-Kutta. Erro de truncamento.,,,,,,,,,https://portal.ufsm.br/webservice/itemPPP/item/arquivo.html?item=62934,https://portal.ufsm.br/webservice/itemPPP/item/arquivo.html?item=61836
Universidade Federal do Pampa,UNIPAMPA,2008,Licenciatura,Algoritmos e Programação,"Conceito de algoritmo, partes do algoritmo, atribuição e operações, entrada e saída, estruturas de condição, estruturas de repetição, vetores, matrizes. Subalgoritmos: procedimentos e funções.",Métodos Computacionais Aplicados à Física,"Introdução a uma linguagem estruturada de programação. Tipos e estruturas de dados simples: constantes, variáveis, escalares, cadeia de caracteres, conjuntos, vetores, matrizes. Expressões e comandos de atribuição. Comandos de entrada e saída. Introdução de uma linguagem de programação científica: Fortran 77/90/95 ou C/C++. Introdução a métodos numéricos: operações numéricas básicas, problemas de contorno e de autovalores, soluções de sistemas dinâmicos",,,,,,,,,https://dspace.unipampa.edu.br/bitstream/riu/92/5/PPC_F%c3%8dSICA.pdf,
Universidade Federal do Paraná,UFPR,1912,Bacharelado e Licenciatura,Instrumentação Computacional em Física,Procedimentos básicos em Unix. Administração de e-mails. Uso de navegadores www. Construção de gráficos. Processamento de textos. Software de cálculo simbólico. Noções de linguagem de programação. Softwares educacionais em Física.,Simulação em Física,"Introdução à linguagem de programação. Caracterização e modelagem do(s) fenômeno(s) a ser(em) simulado(s), num dos temas das disciplinas CF1801, CF1802, CF1803, CF1804 e/ou Astronomia. Simulação do(s) fenômeno(s). Análise das limitações e possíveis aperfeiçoamentos da(s)  simulação(ões).",,Métodos Numéricos,,Representação de números reais e erros. Zero de funções algébricas e transcendentes. Sistemas de Equações Lineares e Algébricas. Interpolação. Integração numérica.,,,,,http://fisica.ufpr.br/grad/grade_bacharelado.html,
Universidade Federal do Rio Grande,FURG,1969,Bacharelado e Licenciatura,Algoritmos Computacionais,"Algoritmos estruturados e Linguagem de programação: conceitos gerais; tipo de algoritmos; definição de constantes e variáveis; expressões aritméticas, lógicas e literais; estruturas de controle de fluxo; sequencial, condicional e repetição; estrutura de dados: vetores e matrizes.",Cálculo Numérico Computacional,"Introdução; solução de equações polinomiais, algébricas e transcendentes. Sistemas de equações lineares. Interpolação. Ajuste de curvas. Integração numérica. Solução numérica de equações diferenciais ordinárias.",Física Computacional,"Introdução ao sistema operacional, aos algoritmos e à linguagem de programação. Objetivos da Computação Científica. Métodos numéricos aplicados à Física: Oscilações: lineares, não-lineares, Caos em sistemas dinâmicos, Dinâmica planetária: Leis de Kepler, Sistema Solar problema de 3 corpos. Introdução aos métodos Estocásticos: Integração Monte Carlo, caminhante aleatório.",Modelagem Numérica,Integração de equações diferenciais ordinárias (EDO) e modelos 0D (caixas); Como construir um modelo numérico?; Análise e otimização de modelos numéricos; Equação de advecção-difusão e equação da turbulência; Técnica de diferenças finitas; Modelos 1D de advecção-difusão no oceano aberto; Modelos 2D de giros; Modelos 3D de circulação geral dos oceanos (GCMs); Estudos de Caso.,,,,,https://www.furg.br/graduacao/fisica-bacharelado,https://sistemas.furg.br/sistemas/paginaFURG/publico/bin/cursos/tela_qsl_visual.php?cd_curso=266*754
Universidade Federal do Rio Grande do Sul,UFRGS,1934,"Bacharelado, Licenciatura e Engenharia Física",Métodos computacionais para Licenciatura,"Introdução a sistemas operacionais. Construção e implementação de algoritmos. Noções de linguagens de programação. Conceitos básicos de programação: tipos de variáveis e dados, operações, controle de fluxo, laços, funções. Orientação a objeto. Entrada e saída. Elaboração de interfaces gráficas. Noções de modelagem de sistemas físicos. Animações e simulações. Objetos informáticos de aprendizagem. Recursos da Internet no Ensino de Física.",Métodos Computacionais em Física B,"Integração numérica de equações diferenciais ordinárias. Passo constante e passo variável. Erros associados aos métodos. Aplicações em Física. Análise numérica de aplicações. Números aleatórios, descrição estatística de dados, integração via Monte Carlo, caminhante aleatório. Métodos numéricos para integração de equações diferenciais ordinárias. Métodos de passo fixo: Euler, Euler-Cromer, Verlet, Runge-Kuta. Estabilidade. Métodos de passos variável. Métodos multipasso e estabilidade. Motivação e exemplos. Aplicações (mapas). Exemplo: aplicação logística. Pontos fixos, ciclos periódicos, caos. Análise de estabilidade linear. Números aleatórios e integração numérica pelo método Monte Carlo. Caminhante aleatório: definição, simulação de N caminhantes, cálculo da distribuição e difusão de caminhantes.",Métodos Computacionais em Física C,NC,Métodos Computacionais em Física A,NC,Introdução à Informática,NC,Monte Carlo,NC,https://www.if.ufrgs.br/if/wp-content/uploads/PPC-bacharelado.pdf,https://www.if.ufrgs.br/if/disciplinas/
Universidade Federal do Agreste de Pernambuco,UFAPE,2018,--,,,,,,,,,,,,,http://ufape.edu.br/br/graduacao,
Universidade Federa do Delta do Parnaíba,UFDPar,2018,--,,,,,,,,,,,,,https://ufpi.br/cursos-de-graduacao-ufdpar,
Universidade Federal do Norte do Tocantins,UFNT,2019,Licenciatura,Introdução à Linguagem de Informática,Linguagem de Programação. Algoritmos. Elementos de Programação Estruturada. Uso de Linguagem de Programação. Implementação de Algoritmos. Programação em Python.,Métodos Computacionais da Física,Cálculo de integrais; Solução de equações diferenciais ordinárias; Solução da equação de Poisson; Método de Numerov para solução da equação de Schrödinger unidimensional; Cálculo de níveis de energia na quantização semi-clássica para o potencial de Lennard-Jones; Método Monte Carlo.,,,,,,,,,https://ww2.uft.edu.br/index.php/en/component/jalfresco/?option=com_jalfresco&view=jalfresco&Itemid=208&id=42731bb9-9a24-4e62-b505-27cf5b900447&folder_name=Programas%20de%20Disciplinas%202021_2,
